CustomerID,Name,Age,Gender,City,JoinDate,PurchaseAmount,ProductCategory,Rating
118,Kiara Kumar,53,female,Chennai,11/01/2024,2625.28,FURNITURE,1.2
107,,43,f,Banaras,2022/08/08,2954.49,Electronics,2.6
78,Saanvi Bose,45,male,HYDERABAD,20-Oct-2024,2984.16,electronics,3.7
93,  ADITYA RAO  ,42,Male,Chennai,10-07-2021,1840.34,GROCERIES,1.0
18,Aadhya Singh,21,M,Mumbai,2024-08-14,3871.82,groceries,1.7
81,,34,M,New Delhi,06-16-2022,2489.58,electronics,2.1
63,Riya Menon,24,MALE,PUNE,12-11-2021,3439.47,Book,3.2
101,Vihaan Kumar,60,f,bangalore,2024/10/15,2557.85,Electronics,
36,Sai Kapoor,49,female,varanasi,05-16-2023,2230.89,BOOKS,3.8
21,Sunil Kumar,57,Female,bangalore,2021-08-21,2925.87,CLOTHING,3.2
10,Pooja Reddy,61 yrs,Female,hyderabad,11/07/2023,2352.52,clothing,10.0
11,aditya verma,20,female,CHENNAI,2022-08-18,2875.31,books,2.8
14,Aadhya Kapoor,37,M,varanasi,2023/01/05,"₹3,352.70",Clothing,2.0
28,Anika Verma,25,MALE,Bombay,2024/04/27,2221.71,BOOKS,2.8
65,Rahul Joshi,29 yrs,m,Chennai,31/07/2021,,clothing,1.8
61,,56,F,,2022/04/24,1795.07,Book,10.0
9,Vivaan Nair,59,m,Bombay,2024/11/08,2274.06,clothing,3.5
57,Aadhya Kapoor,,FEMALE,kolkata,2022-08-01,3210.71,electronics,10.0
60,Sneha Patel,58,Female,VARANASI,2024/11/13,3486.88,Furniture,3.8
99,Aditya Joshi,39,male,KOLKATA,16-Apr-2023,2126.92,groceries,10.0
68,Kabir Shetty,25,FEMALE,hyderabad,19/11/2023,3595.36,Book,4.1
46,  MYRA SHARMA  ,59,male,DELHI,2022-12-19,2810.97,FURNITURE,2.4
42,Priya Verma,28,,Kolkata,,2294.04,Book,2.3
80,  ANIKA VERMA  ,52,m,Kolkata,28/03/2024,1728.56,Book,4.1
54,Arjun Joshi,55,male,Varanasi,10-10-2022,3176.74,groceries,2.5
98,Kiara Bose,42,female,KOLKATA,10-Sep-2021,"₹1,729.66",BOOKS,1.6
75,Pooja Kumar,39,FEMALE,Mumbai,2021-04-16,,clothing,4.9
31,  ARJUN DAS  ,39,FEMALE,hyderabad,11/03/2024,2435.19,books,1.5
114,Aadhya Singh,47 yrs,M,pune,2021/11/09,2262.93,ELECTRONICS,4.4
115,Myra Pillai,22,m,chennai,2021/01/08,"₹1,665.76",clothing,3.0
47,Kiara Chopra,32,FEMALE,mumbai,2022-01-04,"₹2,065.19",furniture,3.2
13,,31,male,Delhi,,"₹1,959.77",furniture,5.5
83,Neha Kumar,58,M,Pune,2024/12/26,2385.16,Book,3.2
104,Kiara Nair,33,Male,Calcutta,04-12-2022,"₹4,159.07",Apparel,4.9
6,Ishaan Iyer,19 yrs,F,Calcutta,02-Mar-2024,"₹2,356.44",clothing,1.7
16,Saanvi Joshi,34,FEMALE,Hyderabad,2023-04-02,"₹2,835.81",CLOTHING,2.0
103,  KABIR MENON  ,56,m,Delhi,02-27-2022,4650.13,groceries,3.5
43,riya mehta,45,,mumbai,2022-11-18,3151.67,electronics,2.1
111,Karan Das,56,female,Chennai,01-28-2021,1791.16,Book,3.9
102,Divya Mehta,,f,kolkata,,"₹1,530.03",Books,4.9
59,  AADHYA RAO  ,20,Male,HYDERABAD,02-15-2023,2017.46,GROCERIES,1.4
124,ARJUN IYER,,female,BANGALORE,2024/12/15,"₹1,664.05",Groceries,3.8
100,Rahul Pillai,23,FEMALE,MUMBAI,2022/10/19,2572.18,Book,2.2
48,,29,FEMALE,new delhi,25/01/2022,1987.15,,2.0
94,Vikram Verma,53,FEMALE,MUMBAI,2022-01-25,2675.81,furniture,4.2
41,priya das,23,FEMALE,Calcutta,2022/12/19,"₹1,165.82",groceries,2.7
53,Vikram Singh,43,MALE,Varanasi,2024/05/28,3528.54,Clothing,2.0
33,myra kapoor,22,M,new delhi,30/01/2021,3845.89,Clothing,3.0
7,Karan Gupta,38,Male,VARANASI,07-02-2024,"₹3,816.14",BOOKS,10.0
123,,31,male,Delhi,,"₹1,959.77",furniture,5.5
71,Aadhya Shetty,,female,chennai,2024/05/18,1427.83,ELECTRONICS,3.8
34,Diya Kumar,26,,Madras,21-Apr-2023,2804.36,Clothing,3.8
51,kabir bose,40,MALE,Calcutta,03/10/2021,2929.98,Book,2.0
66,Rohan Iyer,-5 yrs,M,,11-27-2022,2637.18,CLOTHING,2.4
56,Karan Nair,50,FEMALE,Madras,2024/10/12,4471.41,Groceries,1.6
50,Kiara Mehta,19,MALE,Banaras,08-Feb-2022,2911.67,books,3.0
101,Vihaan Kumar,60,f,bangalore,2024/10/15,2557.85,Electronics,
51,kabir bose,40,MALE,Calcutta,03/10/2021,2929.98,Book,2.0
82,Arjun Kapoor,23,,DELHI,2022/05/02,2671.54,,2.5
92,Vihaan Nair,43,M,Hyderabad,12/07/2023,4101.03,BOOKS,4.2
49,Manish Mehta,19 yrs,male,Mumbai,21/06/2021,1817.51,Groceries,5.0
112,Riya Kumar,20,m,Varanasi,2023/02/18,4231.26,CLOTHING,2.0
62,Diya Gupta,47,male,Calcutta,2022/10/25,2210.14,Electronics,3.8
87,  ISHAAN IYER  ,35,m,VARANASI,14/05/2021,3139.1,ELECTRONICS,3.8
91,Vihaan Nair,34,m,MUMBAI,2021-01-24,2904.8,Books,2.2
44,Diya Mehta,44,M,Varanasi,15/04/2021,2269.81,books,2.7
35,  ARJUN REDDY  ,43,f,Chennai,25-May-2024,2578.34,Electronics,2.3
85,Vivaan Joshi,50 yrs,male,Pune,11-Jun-2023,2304.29,books,1.8
12,Sai Kapoor,35,MALE,Delhi,2021-12-31,3249.22,Groceries,4.8
72,  KARAN PILLAI  ,50,M,Kolkata,2023-12-18,,GROCERIES,3.0
89,Rahul Kumar,49 yrs,FEMALE,varanasi,08-Jun-2023,"₹1,467.05",Books,2.0
95,  SUNIL KAPOOR  ,18,F,bengaluru,11-Oct-2022,2351.22,Electronics,1.2
78,Saanvi Bose,45,male,HYDERABAD,20-Oct-2024,2984.16,electronics,3.7
40,Pooja Patel,62,male,KOLKATA,19/03/2023,"₹2,048.42",groceries,0.0
38,Divya Shetty,53,Male,new delhi,2024-03-03,1154.45,Apparel,4.8
109,Ananya Shetty,49,M,Delhi,2021/08/26,4088.91,FURNITURE,3.6
20,Sneha Chopra,25,F,Bangalore,2022/08/17,3293.58,ELECTRONICS,3.3
119,Karan Malhotra,48,male,Bombay,10-24-2024,5368.33,Apparel,3.7
105,Arjun Kumar,59 yrs,MALE,MUMBAI,03/09/2022,3443.22,ELECTRONICS,2.1
45,Rahul Mehta,30,MALE,Calcutta,2023/12/09,₹110.34,Grocery,5.5
32,Sneha Rao,31,Male,New Delhi,08-May-2022,,Furniture,4.4
96,Vivaan Chopra,40 yrs,F,Delhi,12-11-2021,1881.54,books,
67,Saanvi Menon,33,FEMALE,new delhi,2022-10-10,"₹3,055.88",Electronics,1.3
57,Aadhya Kapoor,,FEMALE,kolkata,2022-08-01,3210.71,electronics,10.0
27,Diya Das,59,MALE,Banaras,2024/03/20,99999.99,,4.5
52,Meera Malhotra,19,FEMALE,DELHI,11-10-2024,2266.87,FURNITURE,3.1
39,Aadhya Nair,24,FEMALE,hyderabad,,1772.36,BOOKS,4.7
5,Diya Joshi,39,FEMALE,Chennai,01-Aug-2022,2571.85,Groceries,4.8
23,arjun pillai,62,Female,kolkata,06/08/2024,2791.68,Electronic,1.3
123,,31,male,Delhi,,"₹1,959.77",furniture,5.5
70,  ADITYA KAPOOR  ,63,m,,2024-08-30,1857.08,BOOKS,3.2
88,Sneha Rao,57 yrs,f,Pune,11-10-2023,2583.23,groceries,1.3
22,Arjun Verma,41,female,VARANASI,2022/05/28,"₹3,093.27",Clothing,2.4
94,Vikram Verma,53,FEMALE,MUMBAI,2022-01-25,2675.81,furniture,4.2
55,  DIVYA SHARMA  ,51,F,DELHI,09-Jun-2023,"₹3,028.17",Furniture,1.4
76,riya sharma,62,f,HYDERABAD,15-Oct-2024,1765.77,FURNITURE,2.9
47,Kiara Chopra,32,FEMALE,mumbai,2022-01-04,"₹2,065.19",furniture,3.2
37,vikram nair,54,f,varanasi,01-13-2022,2019.03,Book,4.0
79,Anika Menon,50,,HYDERABAD,19-Apr-2021,3063.1,Furniture,2.1
24,myra verma,24 yrs,Female,CHENNAI,04-22-2022,2153.43,GROCERIES,2.7
98,Kiara Bose,42,female,KOLKATA,10-Sep-2021,"₹1,729.66",BOOKS,1.6
117,,200,female,New Delhi,2023/07/26,2121.96,Groceries,4.8
2,Riya Nair,38,F,delhi,05-18-2022,2963.89,groceries,1.6
108,Rohan Reddy,18 yrs,,PUNE,18/06/2022,3279.18,Groceries,2.8
116,Manish Patel,56,M,Banaras,2023-11-22,2446.43,GROCERIES,
74,Kiara Shetty,50,Female,MUMBAI,26/10/2021,1838.91,Grocery,3.2
113,,33,female,CHENNAI,09-26-2024,1888.0,GROCERIES,1.4
17,Aditya Pillai,57,M,Hyderabad,2023/02/12,2097.93,groceries,1.8
58,Meera Verma,53,female,kolkata,2024-08-11,2888.34,CLOTHING,
3,Rahul Verma,36 yrs,f,Pune,2021-12-06,2414.84,groceries,
26,Anika Rao,50,M,varanasi,2021-08-04,3298.97,BOOKS,3.4
40,Pooja Patel,62,male,KOLKATA,19/03/2023,"₹2,048.42",groceries,0.0
1,  PRIYA SINGH  ,56 yrs,male,kolkata,2023/03/31,2004.79,Electronics,4.1
121,RAHUL MEHTA,30,MALE,Calcutta,2023/12/09,₹110.34,Grocery,5.5
19,aditya kapoor,35,female,,2021-08-06,2696.77,FURNITURE,4.7
77,  SNEHA CHOPRA  ,25,f,mumbai,2021-04-22,3588.44,FURNITURE,3.0
106,Sneha Joshi,45,f,chennai,2021/12/18,1934.29,,4.0
64,Sai Chopra,19,F,Hyderabad,,2973.8,Clothing,5.0
84,aditya kapoor,48 yrs,M,,2024/01/31,2807.43,Furniture,4.9
97,vihaan malhotra,51,F,Bengaluru,15/06/2021,2648.52,Furniture,1.1
86,Diya Pillai,50,f,varanasi,,2072.27,furniture,2.3
65,Rahul Joshi,29 yrs,m,Chennai,31/07/2021,,clothing,1.8
55,  DIVYA SHARMA  ,51,F,DELHI,09-Jun-2023,"₹3,028.17",Furniture,1.4
90,Sai Mehta,59 yrs,Female,Madras,2022/09/19,3750.64,Electronic,4.5
29,Anika Patel,50,f,kolkata,2024-07-27,2340.04,FURNITURE,2.3
118,Kiara Kumar,53,female,Chennai,11/01/2024,2625.28,FURNITURE,1.2
122,  ARJUN DAS  ,39,FEMALE,hyderabad,11/03/2024,2435.19,books,1.5
110,Sunil Mehta,18,Female,VARANASI,2023-10-02,2864.48,GROCERIES,4.8
70,  ADITYA KAPOOR  ,63,m,,2024-08-30,1857.08,BOOKS,3.2
117,,200,female,New Delhi,2023/07/26,2121.96,Groceries,4.8
15,reyansh verma,24,male,Bangalore,2023/08/18,"₹3,517.21",Furniture,1.7
60,Sneha Patel,58,Female,VARANASI,2024/11/13,3486.88,Furniture,3.8
8,Saanvi Patel,42,M,kolkata,23/03/2024,3884.84,Clothing,2.2
96,Vivaan Chopra,40 yrs,F,Delhi,12-11-2021,1881.54,books,
25,Rohan Kumar,18,m,PUNE,,3023.91,BOOKS,3.9
73,Aditya Bose,37,F,Hyderabad,09-Oct-2022,"₹3,708.85",Groceries,3.9
69,Riya Rao,57,Female,Banaras,2021-05-14,2763.77,Grocery,1.0
4,Arjun Iyer,,female,BANGALORE,2024/12/15,"₹1,664.05",Groceries,3.8
120,  MEERA MENON  ,33,,HYDERABAD,2022-03-31,2575.75,Electronic,1.3
30,Ishaan Kumar,52,FEMALE,Chennai,2023/10/13,2130.66,Grocery,3.4
